id,id_externo,numero_raw,id_tercero_raw,fecha_pedido,estado_raw,forma_pago_raw,total_base,total_impuestos,total,observaciones,raw_json,inserted_at,motivo
116,853436.0,1177621.0,40399.0,2025-04-11,8.0,3.0,175.24,7.01,182.25,,"{'ID': 853436.0, 'SERIE': 'PED', 'TOTAL': '182.25', 'ACREXT': 0.0, 'PAGADO': None, 'INTERNO': None, 'TIPODOC': 'VEN', 'IDNUMERO': 1177621.0, 'APLICADTO': 0.0, 'IDEMPRESA': 4.0, 'IDTERCERO': 40399.0, 'CREATED_BY': 'RAQUEL.CAMPANERIA@ORBEFORMACION.COM', 'CREATED_ON': '11-APR-25 12.32.44.810054 PM', 'PRONTOPAGO': 0.0, 'REPOSICION': None, 'UPDATED_BY': 'CLOUDIA', 'UPDATED_ON': '15-APR-25 10.54.07.314697 AM', 'FECHALIMITE': '04/15/2025', 'FECHAPEDIDO': '04/11/2025', 'IDSINDICATO': None, 'LIQUIDACION': 0.0, 'OBS_FACTURA': 'Nombre curso: COMUNICACIÓN EN LENGUA CASTELLANA-N2_x000D_\n Nº Expediente: AC-2024-10253_x000D_\n Localidad: Plaza de la Cruz Roja, 1  30003 Murcia_x000D_\n Nº Unidades: 15 + 1 docente_x000D_\n Leyenda: ACCION SUBVENCIONADA POR EL SERVICIO REGIONAL DE EMPLEO Y FORMACION Y_x000D_\n COFINANCIADA POR EL FONDO SOCIAL EUROPEO', 'ALERTA_ERROR': None, 'FACTURARSOLO': 0.0, 'FECHAANULADO': None, 'IDUSUARIOWEB': None, 'RESPUESTATPV': None, 'TRACKINGHASH': 'BF3B39559C9B8C07CAFBD52DCDC02EE8', 'TRACKING_REF': None, 'FECHAFACTURAR': None, 'HAENTRADOCONF': None, 'IDFORMADEPAGO': 3.0, 'IDTERCEROTIPO': 'CL', 'OBSERVACIONES': None, 'OBS_LOGISTICA': None, 'OBS_PROVEEDOR': None, 'TOTALRECARGOS': 0.0, 'IDPEDIDOESTADO': 8.0, 'IDTERCEROPADRE': None, 'LIQCURSOCENTRO': 0.0, 'TOTALIMPUESTOS': '7.01', 'FECHACOMPLETADO': None, 'FECHACONFIRMADO': '04/11/2025', 'TOTALDESCUENTOS': 0.0, 'WC_ORDER_NUMBER': None, 'ACREXT_INFORMADO': 0.0, 'FECHAFACTURACION': None, 'FECHAVENCIMIENTO': None, 'IDUSUARIOTARJETA': None, 'JUSTIFICANTEPAGO': '[unsupported data type]', 'IDAGENTECOMERCIAL': None, 'IDTERCEROIMPRENTA': None, 'IDTERCEROVENDEDOR': None, 'PARADEPOSITOLEGAL': 0.0, 'REFERENCIACLIENTE': '9000003283784 - Manual. Lengua Castellana. Nivel II (FCOV22)', 'USUARIOCONFIRMADO': 'RAQUEL.CAMPANERIA@ORBEFORMACION.COM', 'COMPRADESVINCULADO': 0.0, 'FECHAFACTURAPREVIA': None, 'IDACUERDOSINDICATO': None, 'MOTIVONOCONFIRMADO': None, 'RESUMENFACTURACION': 0.0, 'TOTALBASEIMPONIBLE': '175.24', 'DESCUENTOPRONTOPAGO': 0.0, 'IDPEDIDOPROCEDENCIA': 'MAN', 'NUMEROFACTURAPREVIA': None, 'PREVENTA_NOTIFICADA': 0.0, 'REFERENCIAPROVEEDOR': None, 'FECHAPREVISTAENTREGA': '04/16/2025', 'PORCENTAJEPRONTOPAGO': 0.0, 'FACTURAPREVIAGENERADA': 0.0, 'JUSTIFICANTE_FILENAME': None, 'JUSTIFICANTE_MIMETYPE': None, 'TOTALBASEGASTOSENVIOS': 0.0, 'IDTRANSACCIONSINDICATO': None, 'SINSEGUIMIENTORECEPCION': None, 'IDDIRECCIONENVIOIMPRENTA': None, 'VENCIMIENTOFACTURAPREVIA': None}",2025-11-11T10:06:34.11464,No se encontró cliente real para razón_social=CRUZ ROJA ESPAÑOLA
117,852409.0,1175931.0,40399.0,2025-04-03,8.0,3.0,42.67,2.72,45.39,,"{'ID': 852409.0, 'SERIE': 'PED', 'TOTAL': '45.39', 'ACREXT': 0.0, 'PAGADO': None, 'INTERNO': None, 'TIPODOC': 'VEN', 'IDNUMERO': 1175931.0, 'APLICADTO': 0.0, 'IDEMPRESA': 4.0, 'IDTERCERO': 40399.0, 'CREATED_BY': 'ROSA.CABELLO@GRUPOCEP.ES', 'CREATED_ON': '03-APR-25 09.39.37.007334 AM', 'PRONTOPAGO': 0.0, 'REPOSICION': None, 'UPDATED_BY': 'CLOUDIA', 'UPDATED_ON': '04-APR-25 08.30.47.842430 AM', 'FECHALIMITE': '04/04/2025', 'FECHAPEDIDO': '04/03/2025', 'IDSINDICATO': None, 'LIQUIDACION': 0.0, 'OBS_FACTURA': 'Nombre curso: DETERIORO COGNITIVO_x000D_\nNº Expediente: AC-2024-10525_x000D_\nLocalidad: Plaza Cruz Roja, 1. 30003 Murcia_x000D_\nNº Unidades: 2_x000D_\nLeyenda: ACTIVIDAD SUBVENCIONADA POR EL SEF Y COFINANCIADA POR FONDO SOCIAL EUROPEO._x000D_\nLogos de portada: Adjunto modelo 2025', 'ALERTA_ERROR': None, 'FACTURARSOLO': 0.0, 'FECHAANULADO': None, 'IDUSUARIOWEB': None, 'RESPUESTATPV': None, 'TRACKINGHASH': 'AAF86C3DE83F96251581D47A60A197A1', 'TRACKING_REF': None, 'FECHAFACTURAR': None, 'HAENTRADOCONF': None, 'IDFORMADEPAGO': 3.0, 'IDTERCEROTIPO': 'CL', 'OBSERVACIONES': None, 'OBS_LOGISTICA': None, 'OBS_PROVEEDOR': None, 'TOTALRECARGOS': 0.0, 'IDPEDIDOESTADO': 8.0, 'IDTERCEROPADRE': None, 'LIQCURSOCENTRO': 0.0, 'TOTALIMPUESTOS': '2.72', 'FECHACOMPLETADO': None, 'FECHACONFIRMADO': '04/03/2025', 'TOTALDESCUENTOS': 0.0, 'WC_ORDER_NUMBER': None, 'ACREXT_INFORMADO': 0.0, 'FECHAFACTURACION': None, 'FECHAVENCIMIENTO': None, 'IDUSUARIOTARJETA': None, 'JUSTIFICANTEPAGO': '[unsupported data type]', 'IDAGENTECOMERCIAL': None, 'IDTERCEROIMPRENTA': None, 'IDTERCEROVENDEDOR': None, 'PARADEPOSITOLEGAL': 0.0, 'REFERENCIACLIENTE': 'Personalización. SSCG01. CEP', 'USUARIOCONFIRMADO': 'ROSA.CABELLO@GRUPOCEP.ES', 'COMPRADESVINCULADO': 0.0, 'FECHAFACTURAPREVIA': None, 'IDACUERDOSINDICATO': None, 'MOTIVONOCONFIRMADO': None, 'RESUMENFACTURACION': 0.0, 'TOTALBASEIMPONIBLE': '42.67', 'DESCUENTOPRONTOPAGO': 0.0, 'IDPEDIDOPROCEDENCIA': 'MAN', 'NUMEROFACTURAPREVIA': None, 'PREVENTA_NOTIFICADA': 0.0, 'REFERENCIAPROVEEDOR': None, 'FECHAPREVISTAENTREGA': '04/08/2025', 'PORCENTAJEPRONTOPAGO': 0.0, 'FACTURAPREVIAGENERADA': 0.0, 'JUSTIFICANTE_FILENAME': None, 'JUSTIFICANTE_MIMETYPE': None, 'TOTALBASEGASTOSENVIOS': '5.95', 'IDTRANSACCIONSINDICATO': None, 'SINSEGUIMIENTORECEPCION': None, 'IDDIRECCIONENVIOIMPRENTA': None, 'VENCIMIENTOFACTURAPREVIA': None}",2025-11-11T10:06:34.11464,No se encontró cliente real para razón_social=CRUZ ROJA ESPAÑOLA
118,851593.0,1174551.0,40399.0,2025-03-27,8.0,3.0,226.62,9.06,235.68,,"{'ID': 851593.0, 'SERIE': 'PED', 'TOTAL': '235.68', 'ACREXT': 0.0, 'PAGADO': None, 'INTERNO': None, 'TIPODOC': 'VEN', 'IDNUMERO': 1174551.0, 'APLICADTO': 0.0, 'IDEMPRESA': 4.0, 'IDTERCERO': 40399.0, 'CREATED_BY': 'ROSA.CABELLO@GRUPOCEP.ES', 'CREATED_ON': '27-MAR-25 03.05.31.814365 PM', 'PRONTOPAGO': 0.0, 'REPOSICION': None, 'UPDATED_BY': 'CLOUDIA', 'UPDATED_ON': '31-MAR-25 10.16.41.128410 AM', 'FECHALIMITE': '03/28/2025', 'FECHAPEDIDO': '03/27/2025', 'IDSINDICATO': None, 'LIQUIDACION': 0.0, 'OBS_FACTURA': 'Manuales para el curso: OPERACIONES AUXILIARES EN EL PUNTO DE VENTA_x000D_\nProyecto: Puentes por la igualdad en el empleo PLUS', 'ALERTA_ERROR': None, 'FACTURARSOLO': 0.0, 'FECHAANULADO': None, 'IDUSUARIOWEB': None, 'RESPUESTATPV': None, 'TRACKINGHASH': '7296AF41E3DA5E5D8E772E269583D056', 'TRACKING_REF': None, 'FECHAFACTURAR': None, 'HAENTRADOCONF': None, 'IDFORMADEPAGO': 3.0, 'IDTERCEROTIPO': 'CL', 'OBSERVACIONES': None, 'OBS_LOGISTICA': None, 'OBS_PROVEEDOR': None, 'TOTALRECARGOS': 0.0, 'IDPEDIDOESTADO': 8.0, 'IDTERCEROPADRE': None, 'LIQCURSOCENTRO': 0.0, 'TOTALIMPUESTOS': '9.06', 'FECHACOMPLETADO': None, 'FECHACONFIRMADO': '03/27/2025', 'TOTALDESCUENTOS': 0.0, 'WC_ORDER_NUMBER': None, 'ACREXT_INFORMADO': 0.0, 'FECHAFACTURACION': None, 'FECHAVENCIMIENTO': None, 'IDUSUARIOTARJETA': None, 'JUSTIFICANTEPAGO': '[unsupported data type]', 'IDAGENTECOMERCIAL': None, 'IDTERCEROIMPRENTA': None, 'IDTERCEROVENDEDOR': None, 'PARADEPOSITOLEGAL': 0.0, 'REFERENCIACLIENTE': None, 'USUARIOCONFIRMADO': 'ROSA.CABELLO@GRUPOCEP.ES', 'COMPRADESVINCULADO': 0.0, 'FECHAFACTURAPREVIA': None, 'IDACUERDOSINDICATO': None, 'MOTIVONOCONFIRMADO': None, 'RESUMENFACTURACION': 0.0, 'TOTALBASEIMPONIBLE': '226.62', 'DESCUENTOPRONTOPAGO': 0.0, 'IDPEDIDOPROCEDENCIA': 'MAN', 'NUMEROFACTURAPREVIA': None, 'PREVENTA_NOTIFICADA': 0.0, 'REFERENCIAPROVEEDOR': None, 'FECHAPREVISTAENTREGA': '04/01/2025', 'PORCENTAJEPRONTOPAGO': 0.0, 'FACTURAPREVIAGENERADA': 0.0, 'JUSTIFICANTE_FILENAME': None, 'JUSTIFICANTE_MIMETYPE': None, 'TOTALBASEGASTOSENVIOS': 0.0, 'IDTRANSACCIONSINDICATO': None, 'SINSEGUIMIENTORECEPCION': None, 'IDDIRECCIONENVIOIMPRENTA': None, 'VENCIMIENTOFACTURAPREVIA': None}",2025-11-11T10:06:34.11464,No se encontró cliente real para razón_social=CRUZ ROJA ESPAÑOLA
119,849506.0,1170886.0,40399.0,2025-03-12,8.0,3.0,161.03,6.44,167.47,,"{'ID': 849506.0, 'SERIE': 'PED', 'TOTAL': '167.47', 'ACREXT': 0.0, 'PAGADO': None, 'INTERNO': None, 'TIPODOC': 'VEN', 'IDNUMERO': 1170886.0, 'APLICADTO': 0.0, 'IDEMPRESA': 4.0, 'IDTERCERO': 40399.0, 'CREATED_BY': 'INMACULADA.RODRIGUEZ@ORBEFORMACION.COM', 'CREATED_ON': '12-MAR-25 11.51.17.722759 AM', 'PRONTOPAGO': 0.0, 'REPOSICION': None, 'UPDATED_BY': 'CLOUDIA', 'UPDATED_ON': '13-MAR-25 02.38.33.949594 PM', 'FECHALIMITE': '03/13/2025', 'FECHAPEDIDO': '03/12/2025', 'IDSINDICATO': None, 'LIQUIDACION': 0.0, 'OBS_FACTURA': 'AC-2024-6607 CREACIÓN DE CONTENIDOS DIGITALES. NIVEL BÁSICO_x000D_\nActividad subvencionada por el SEF, financiada por los Fondos Next Generation EU y cofinanciada por el SEPE, dentro del marco de Recuperación, Transformación y Resiliencia.', 'ALERTA_ERROR': None, 'FACTURARSOLO': 0.0, 'FECHAANULADO': None, 'IDUSUARIOWEB': None, 'RESPUESTATPV': None, 'TRACKINGHASH': '6E5D35795B096DFCB1571B6F4089D6F9', 'TRACKING_REF': None, 'FECHAFACTURAR': None, 'HAENTRADOCONF': None, 'IDFORMADEPAGO': 3.0, 'IDTERCEROTIPO': 'CL', 'OBSERVACIONES': None, 'OBS_LOGISTICA': None, 'OBS_PROVEEDOR': None, 'TOTALRECARGOS': 0.0, 'IDPEDIDOESTADO': 8.0, 'IDTERCEROPADRE': None, 'LIQCURSOCENTRO': 0.0, 'TOTALIMPUESTOS': '6.44', 'FECHACOMPLETADO': None, 'FECHACONFIRMADO': '03/12/2025', 'TOTALDESCUENTOS': 0.0, 'WC_ORDER_NUMBER': None, 'ACREXT_INFORMADO': 0.0, 'FECHAFACTURACION': None, 'FECHAVENCIMIENTO': None, 'IDUSUARIOTARJETA': None, 'JUSTIFICANTEPAGO': '[unsupported data type]', 'IDAGENTECOMERCIAL': None, 'IDTERCEROIMPRENTA': None, 'IDTERCEROVENDEDOR': None, 'PARADEPOSITOLEGAL': 0.0, 'REFERENCIACLIENTE': 'Creación de contenidos digitales. Nivel básico (FCOI15). Murcia', 'USUARIOCONFIRMADO': 'INMACULADA.RODRIGUEZ@ORBEFORMACION.COM', 'COMPRADESVINCULADO': 0.0, 'FECHAFACTURAPREVIA': None, 'IDACUERDOSINDICATO': None, 'MOTIVONOCONFIRMADO': None, 'RESUMENFACTURACION': 0.0, 'TOTALBASEIMPONIBLE': '161.03', 'DESCUENTOPRONTOPAGO': 0.0, 'IDPEDIDOPROCEDENCIA': 'MAN', 'NUMEROFACTURAPREVIA': None, 'PREVENTA_NOTIFICADA': 0.0, 'REFERENCIAPROVEEDOR': None, 'FECHAPREVISTAENTREGA': '03/17/2025', 'PORCENTAJEPRONTOPAGO': 0.0, 'FACTURAPREVIAGENERADA': 0.0, 'JUSTIFICANTE_FILENAME': None, 'JUSTIFICANTE_MIMETYPE': None, 'TOTALBASEGASTOSENVIOS': 0.0, 'IDTRANSACCIONSINDICATO': None, 'SINSEGUIMIENTORECEPCION': None, 'IDDIRECCIONENVIOIMPRENTA': None, 'VENCIMIENTOFACTURAPREVIA': None}",2025-11-11T10:06:34.11464,No se encontró cliente real para razón_social=CRUZ ROJA ESPAÑOLA
120,855265.0,1181047.0,40399.0,2025-05-05,8.0,3.0,214.4,8.58,222.98,,"{'ID': 855265.0, 'SERIE': 'PED', 'TOTAL': '222.98', 'ACREXT': 0.0, 'PAGADO': None, 'INTERNO': None, 'TIPODOC': 'VEN', 'IDNUMERO': 1181047.0, 'APLICADTO': 0.0, 'IDEMPRESA': 4.0, 'IDTERCERO': 40399.0, 'CREATED_BY': 'ROSA.CABELLO@GRUPOCEP.ES', 'CREATED_ON': '05-MAY-25 09.01.36.346627 AM', 'PRONTOPAGO': 0.0, 'REPOSICION': None, 'UPDATED_BY': 'CLOUDIA', 'UPDATED_ON': '07-MAY-25 10.15.19.627127 AM', 'FECHALIMITE': '05/06/2025', 'FECHAPEDIDO': '05/05/2025', 'IDSINDICATO': None, 'LIQUIDACION': 0.0, 'OBS_FACTURA': 'AC-2024-10313 INTERVENCIÓN DEL EMPLEO DOMÉSTICO EN EL CUIDADO DE PERSONAS MAYORES._x000D_\nSUBVENCIONADOR: ACCION SUBVENCIONADA POR EL SERVICIO REGIONAL DE EMPLEO Y FORMACION_x000D_\nY COFINANCIADA POR EL FONDO SOCIAL EUROPEO', 'ALERTA_ERROR': None, 'FACTURARSOLO': 0.0, 'FECHAANULADO': None, 'IDUSUARIOWEB': None, 'RESPUESTATPV': None, 'TRACKINGHASH': '613EB7829A50B87BCBA6BBC92BA64454', 'TRACKING_REF': None, 'FECHAFACTURAR': None, 'HAENTRADOCONF': None, 'IDFORMADEPAGO': 3.0, 'IDTERCEROTIPO': 'CL', 'OBSERVACIONES': None, 'OBS_LOGISTICA': None, 'OBS_PROVEEDOR': None, 'TOTALRECARGOS': 0.0, 'IDPEDIDOESTADO': 8.0, 'IDTERCEROPADRE': None, 'LIQCURSOCENTRO': 0.0, 'TOTALIMPUESTOS': '8.58', 'FECHACOMPLETADO': None, 'FECHACONFIRMADO': '05/05/2025', 'TOTALDESCUENTOS': 0.0, 'WC_ORDER_NUMBER': None, 'ACREXT_INFORMADO': 0.0, 'FECHAFACTURACION': None, 'FECHAVENCIMIENTO': None, 'IDUSUARIOTARJETA': None, 'JUSTIFICANTEPAGO': '[unsupported data type]', 'IDAGENTECOMERCIAL': None, 'IDTERCEROIMPRENTA': None, 'IDTERCEROVENDEDOR': None, 'PARADEPOSITOLEGAL': 0.0, 'REFERENCIACLIENTE': 'Personalización .Intervención del empleo doméstico en el cuidado de personas mayores . CEP', 'USUARIOCONFIRMADO': 'ROSA.CABELLO@GRUPOCEP.ES', 'COMPRADESVINCULADO': 0.0, 'FECHAFACTURAPREVIA': None, 'IDACUERDOSINDICATO': None, 'MOTIVONOCONFIRMADO': None, 'RESUMENFACTURACION': 0.0, 'TOTALBASEIMPONIBLE': '214.4', 'DESCUENTOPRONTOPAGO': 0.0, 'IDPEDIDOPROCEDENCIA': 'MAN', 'NUMEROFACTURAPREVIA': None, 'PREVENTA_NOTIFICADA': 0.0, 'REFERENCIAPROVEEDOR': None, 'FECHAPREVISTAENTREGA': '05/08/2025', 'PORCENTAJEPRONTOPAGO': 0.0, 'FACTURAPREVIAGENERADA': 0.0, 'JUSTIFICANTE_FILENAME': None, 'JUSTIFICANTE_MIMETYPE': None, 'TOTALBASEGASTOSENVIOS': 0.0, 'IDTRANSACCIONSINDICATO': None, 'SINSEGUIMIENTORECEPCION': None, 'IDDIRECCIONENVIOIMPRENTA': None, 'VENCIMIENTOFACTURAPREVIA': None}",2025-11-11T10:06:34.11464,No se encontró cliente real para razón_social=CRUZ ROJA ESPAÑOLA
121,850426.0,1172470.0,40399.0,2025-03-19,8.0,3.0,921.93,36.88,958.81,,"{'ID': 850426.0, 'SERIE': 'PED', 'TOTAL': '958.81', 'ACREXT': 0.0, 'PAGADO': None, 'INTERNO': None, 'TIPODOC': 'VEN', 'IDNUMERO': 1172470.0, 'APLICADTO': 0.0, 'IDEMPRESA': 4.0, 'IDTERCERO': 40399.0, 'CREATED_BY': 'ROSA.CABELLO@GRUPOCEP.ES', 'CREATED_ON': '19-MAR-25 08.59.45.782783 AM', 'PRONTOPAGO': 0.0, 'REPOSICION': None, 'UPDATED_BY': 'CLOUDIA', 'UPDATED_ON': '28-MAR-25 11.03.10.524635 AM', 'FECHALIMITE': '03/27/2025', 'FECHAPEDIDO': '03/19/2025', 'IDSINDICATO': None, 'LIQUIDACION': 0.0, 'OBS_FACTURA': 'Nombre curso: (SSCM0108) LIMPIEZA DE SUPERFICIES Y MOBILIARIO EN EDIFICIOS Y LOCALES_x000D_\nNº Expediente: AC-2024-10279_x000D_\nLocalidad: Plaza de la Cruz Roja, 1 30003 Murcia_x000D_\nNº Unidades: 16_x000D_\nLeyenda: ACCION SUBVENCIONADA POR EL SERVICIO REGIONAL DE EMPLEO Y FORMACION Y_x000D_\nCOFINANCIADA POR EL FONDO SOCIAL EUROPEO._x000D_\nLogos de portada: Modelo 2025', 'ALERTA_ERROR': None, 'FACTURARSOLO': 0.0, 'FECHAANULADO': None, 'IDUSUARIOWEB': None, 'RESPUESTATPV': None, 'TRACKINGHASH': 'ED797FD7B50DE159652D583E90FDBFF6', 'TRACKING_REF': None, 'FECHAFACTURAR': None, 'HAENTRADOCONF': None, 'IDFORMADEPAGO': 3.0, 'IDTERCEROTIPO': 'CL', 'OBSERVACIONES': None, 'OBS_LOGISTICA': None, 'OBS_PROVEEDOR': None, 'TOTALRECARGOS': 0.0, 'IDPEDIDOESTADO': 8.0, 'IDTERCEROPADRE': None, 'LIQCURSOCENTRO': 0.0, 'TOTALIMPUESTOS': '36.88', 'FECHACOMPLETADO': None, 'FECHACONFIRMADO': '03/19/2025', 'TOTALDESCUENTOS': 0.0, 'WC_ORDER_NUMBER': None, 'ACREXT_INFORMADO': 0.0, 'FECHAFACTURACION': None, 'FECHAVENCIMIENTO': None, 'IDUSUARIOTARJETA': None, 'JUSTIFICANTEPAGO': '[unsupported data type]', 'IDAGENTECOMERCIAL': None, 'IDTERCEROIMPRENTA': None, 'IDTERCEROVENDEDOR': None, 'PARADEPOSITOLEGAL': 0.0, 'REFERENCIACLIENTE': 'Personalización. SSCM0108. Manuales de CEP', 'USUARIOCONFIRMADO': 'ROSA.CABELLO@GRUPOCEP.ES', 'COMPRADESVINCULADO': 0.0, 'FECHAFACTURAPREVIA': None, 'IDACUERDOSINDICATO': None, 'MOTIVONOCONFIRMADO': None, 'RESUMENFACTURACION': 0.0, 'TOTALBASEIMPONIBLE': '921.93', 'DESCUENTOPRONTOPAGO': 0.0, 'IDPEDIDOPROCEDENCIA': 'MAN', 'NUMEROFACTURAPREVIA': None, 'PREVENTA_NOTIFICADA': 0.0, 'REFERENCIAPROVEEDOR': None, 'FECHAPREVISTAENTREGA': '03/24/2025', 'PORCENTAJEPRONTOPAGO': 0.0, 'FACTURAPREVIAGENERADA': 0.0, 'JUSTIFICANTE_FILENAME': None, 'JUSTIFICANTE_MIMETYPE': None, 'TOTALBASEGASTOSENVIOS': 0.0, 'IDTRANSACCIONSINDICATO': None, 'SINSEGUIMIENTORECEPCION': None, 'IDDIRECCIONENVIOIMPRENTA': None, 'VENCIMIENTOFACTURAPREVIA': None}",2025-11-11T10:06:34.11464,No se encontró cliente real para razón_social=CRUZ ROJA ESPAÑOLA
122,854733.0,1179976.0,40399.0,2025-04-28,8.0,3.0,307.71,12.31,320.02,,"{'ID': 854733.0, 'SERIE': 'PED', 'TOTAL': '320.02', 'ACREXT': 0.0, 'PAGADO': None, 'INTERNO': None, 'TIPODOC': 'VEN', 'IDNUMERO': 1179976.0, 'APLICADTO': 0.0, 'IDEMPRESA': 4.0, 'IDTERCERO': 40399.0, 'CREATED_BY': 'INMACULADA.RODRIGUEZ@ORBEFORMACION.COM', 'CREATED_ON': '28-APR-25 08.06.47.580421 AM', 'PRONTOPAGO': 0.0, 'REPOSICION': None, 'UPDATED_BY': 'CLOUDIA', 'UPDATED_ON': '30-APR-25 01.51.15.350143 PM', 'FECHALIMITE': '04/29/2025', 'FECHAPEDIDO': '04/28/2025', 'IDSINDICATO': None, 'LIQUIDACION': 0.0, 'OBS_FACTURA': 'Nombre curso: SANT0079 ACTUACIÓN DEL CELADOR EN LOS SERVICIOS DE URGENCIAS_x000D_\nNº Expediente: AC-2024-10515_x000D_\nLocalidad: Lorca_x000D_\nNº Unidades: 16 + 1 docente_x000D_\nLeyenda: ACCION SUBVENCIONADA POR EL SERVICIO REGIONAL DE EMPLEO Y FORMACION Y_x000D_\nCOFINANCIADA POR EL FONDO SOCIAL EUROPEO.', 'ALERTA_ERROR': None, 'FACTURARSOLO': 0.0, 'FECHAANULADO': None, 'IDUSUARIOWEB': None, 'RESPUESTATPV': None, 'TRACKINGHASH': '5014CA820CE1458C80CED769FF5E84B4', 'TRACKING_REF': None, 'FECHAFACTURAR': None, 'HAENTRADOCONF': None, 'IDFORMADEPAGO': 3.0, 'IDTERCEROTIPO': 'CL', 'OBSERVACIONES': None, 'OBS_LOGISTICA': None, 'OBS_PROVEEDOR': None, 'TOTALRECARGOS': 0.0, 'IDPEDIDOESTADO': 8.0, 'IDTERCEROPADRE': None, 'LIQCURSOCENTRO': 0.0, 'TOTALIMPUESTOS': '12.31', 'FECHACOMPLETADO': None, 'FECHACONFIRMADO': '04/28/2025', 'TOTALDESCUENTOS': 0.0, 'WC_ORDER_NUMBER': None, 'ACREXT_INFORMADO': 0.0, 'FECHAFACTURACION': None, 'FECHAVENCIMIENTO': None, 'IDUSUARIOTARJETA': None, 'JUSTIFICANTEPAGO': '[unsupported data type]', 'IDAGENTECOMERCIAL': None, 'IDTERCEROIMPRENTA': None, 'IDTERCEROVENDEDOR': None, 'PARADEPOSITOLEGAL': 0.0, 'REFERENCIACLIENTE': 'ANT0079 ACTUACIÓN DEL CELADOR EN LOS SERVICIOS DE URGENCIAS. MURCIA', 'USUARIOCONFIRMADO': 'INMACULADA.RODRIGUEZ@ORBEFORMACION.COM', 'COMPRADESVINCULADO': 0.0, 'FECHAFACTURAPREVIA': None, 'IDACUERDOSINDICATO': None, 'MOTIVONOCONFIRMADO': None, 'RESUMENFACTURACION': 0.0, 'TOTALBASEIMPONIBLE': '307.71', 'DESCUENTOPRONTOPAGO': 0.0, 'IDPEDIDOPROCEDENCIA': 'MAN', 'NUMEROFACTURAPREVIA': None, 'PREVENTA_NOTIFICADA': 0.0, 'REFERENCIAPROVEEDOR': None, 'FECHAPREVISTAENTREGA': '05/01/2025', 'PORCENTAJEPRONTOPAGO': 0.0, 'FACTURAPREVIAGENERADA': 0.0, 'JUSTIFICANTE_FILENAME': None, 'JUSTIFICANTE_MIMETYPE': None, 'TOTALBASEGASTOSENVIOS': 0.0, 'IDTRANSACCIONSINDICATO': None, 'SINSEGUIMIENTORECEPCION': None, 'IDDIRECCIONENVIOIMPRENTA': None, 'VENCIMIENTOFACTURAPREVIA': None}",2025-11-11T10:06:34.11464,No se encontró cliente real para razón_social=CRUZ ROJA ESPAÑOLA
123,857029.0,1184044.0,40399.0,2025-05-20,8.0,3.0,303.79,12.15,315.94,,"{'ID': 857029.0, 'SERIE': 'PED', 'TOTAL': '315.94', 'ACREXT': 0.0, 'PAGADO': None, 'INTERNO': None, 'TIPODOC': 'VEN', 'IDNUMERO': 1184044.0, 'APLICADTO': 0.0, 'IDEMPRESA': 4.0, 'IDTERCERO': 40399.0, 'CREATED_BY': 'INMACULADA.RODRIGUEZ@ORBEFORMACION.COM', 'CREATED_ON': '20-MAY-25 09.51.18.529376 AM', 'PRONTOPAGO': 0.0, 'REPOSICION': None, 'UPDATED_BY': 'CLOUDIA', 'UPDATED_ON': '26-MAY-25 08.24.57.393299 AM', 'FECHALIMITE': '05/26/2025', 'FECHAPEDIDO': '05/20/2025', 'IDSINDICATO': None, 'LIQUIDACION': 0.0, 'OBS_FACTURA': 'Nombre curso: CUIDADOS AUXILIARES BÁSICOS EN ENFERMERÍA_x000D_\nNº Expediente: AC-2024-10333_x000D_\nLocalidad: Totana_x000D_\nNº Unidades: 15 + 1 docente_x000D_\nLeyenda: ACCION SUBVENCIONADA POR EL SERVICIO REGIONAL DE EMPLEO Y FORMACION Y COFINANCIADA POR EL FONDO SOCIAL EUROPEO.', 'ALERTA_ERROR': None, 'FACTURARSOLO': 0.0, 'FECHAANULADO': None, 'IDUSUARIOWEB': None, 'RESPUESTATPV': None, 'TRACKINGHASH': '87CBFD5B294ACEA26BC49DEAAD58D9A7', 'TRACKING_REF': None, 'FECHAFACTURAR': None, 'HAENTRADOCONF': None, 'IDFORMADEPAGO': 3.0, 'IDTERCEROTIPO': 'CL', 'OBSERVACIONES': None, 'OBS_LOGISTICA': None, 'OBS_PROVEEDOR': None, 'TOTALRECARGOS': 0.0, 'IDPEDIDOESTADO': 8.0, 'IDTERCEROPADRE': None, 'LIQCURSOCENTRO': 0.0, 'TOTALIMPUESTOS': '12.15', 'FECHACOMPLETADO': None, 'FECHACONFIRMADO': '05/23/2025', 'TOTALDESCUENTOS': 0.0, 'WC_ORDER_NUMBER': None, 'ACREXT_INFORMADO': 0.0, 'FECHAFACTURACION': None, 'FECHAVENCIMIENTO': None, 'IDUSUARIOTARJETA': None, 'JUSTIFICANTEPAGO': '[unsupported data type]', 'IDAGENTECOMERCIAL': None, 'IDTERCEROIMPRENTA': None, 'IDTERCEROVENDEDOR': None, 'PARADEPOSITOLEGAL': 0.0, 'REFERENCIACLIENTE': 'SANT023PO Cuidados auxiliares básicos en enfermería', 'USUARIOCONFIRMADO': 'RAQUEL.CAMPANERIA@ORBEFORMACION.COM', 'COMPRADESVINCULADO': 0.0, 'FECHAFACTURAPREVIA': None, 'IDACUERDOSINDICATO': None, 'MOTIVONOCONFIRMADO': None, 'RESUMENFACTURACION': 0.0, 'TOTALBASEIMPONIBLE': '303.79', 'DESCUENTOPRONTOPAGO': 0.0, 'IDPEDIDOPROCEDENCIA': 'MAN', 'NUMEROFACTURAPREVIA': None, 'PREVENTA_NOTIFICADA': 0.0, 'REFERENCIAPROVEEDOR': None, 'FECHAPREVISTAENTREGA': '05/28/2025', 'PORCENTAJEPRONTOPAGO': 0.0, 'FACTURAPREVIAGENERADA': 0.0, 'JUSTIFICANTE_FILENAME': None, 'JUSTIFICANTE_MIMETYPE': None, 'TOTALBASEGASTOSENVIOS': 0.0, 'IDTRANSACCIONSINDICATO': None, 'SINSEGUIMIENTORECEPCION': None, 'IDDIRECCIONENVIOIMPRENTA': None, 'VENCIMIENTOFACTURAPREVIA': None}",2025-11-11T10:06:34.11464,No se encontró cliente real para razón_social=CRUZ ROJA ESPAÑOLA
124,849681.0,1171153.0,40399.0,2025-03-13,8.0,3.0,492.12,19.68,511.8,,"{'ID': 849681.0, 'SERIE': 'PED', 'TOTAL': '511.8', 'ACREXT': 0.0, 'PAGADO': None, 'INTERNO': None, 'TIPODOC': 'VEN', 'IDNUMERO': 1171153.0, 'APLICADTO': 0.0, 'IDEMPRESA': 4.0, 'IDTERCERO': 40399.0, 'CREATED_BY': 'ROSA.CABELLO@GRUPOCEP.ES', 'CREATED_ON': '13-MAR-25 10.51.10.463895 AM', 'PRONTOPAGO': 0.0, 'REPOSICION': None, 'UPDATED_BY': 'CLOUDIA', 'UPDATED_ON': '14-MAR-25 03.37.42.970579 PM', 'FECHALIMITE': '03/14/2025', 'FECHAPEDIDO': '03/13/2025', 'IDSINDICATO': None, 'LIQUIDACION': 0.0, 'OBS_FACTURA': 'Manuales para los cursos:_x000D_\nMF0996_1: LIMPIEZA DEL MOBILIARIO INTERIOR._x000D_\nMF0972_1: LIMPIEZA, TRATAMIENTO Y MANTENIMIENTO DE SUELOS, PAREDES Y TECHOS EN_x000D_\nEDIFICIOS Y LOCALES._x000D_\nProyecto: SMS: SERVICIO DE MEDIACION SOCIOLABORAL PARA PERSONAS EN SITUACION O RIESGO DE_x000D_\nEXCLUSION SOCIAL_YECLA.', 'ALERTA_ERROR': None, 'FACTURARSOLO': 0.0, 'FECHAANULADO': None, 'IDUSUARIOWEB': None, 'RESPUESTATPV': None, 'TRACKINGHASH': 'D49CA05263E015EB460EA07148F38B62', 'TRACKING_REF': None, 'FECHAFACTURAR': None, 'HAENTRADOCONF': None, 'IDFORMADEPAGO': 3.0, 'IDTERCEROTIPO': 'CL', 'OBSERVACIONES': None, 'OBS_LOGISTICA': None, 'OBS_PROVEEDOR': None, 'TOTALRECARGOS': 0.0, 'IDPEDIDOESTADO': 8.0, 'IDTERCEROPADRE': None, 'LIQCURSOCENTRO': 0.0, 'TOTALIMPUESTOS': '19.68', 'FECHACOMPLETADO': None, 'FECHACONFIRMADO': '03/13/2025', 'TOTALDESCUENTOS': 0.0, 'WC_ORDER_NUMBER': None, 'ACREXT_INFORMADO': 0.0, 'FECHAFACTURACION': None, 'FECHAVENCIMIENTO': None, 'IDUSUARIOTARJETA': None, 'JUSTIFICANTEPAGO': '[unsupported data type]', 'IDAGENTECOMERCIAL': None, 'IDTERCEROIMPRENTA': None, 'IDTERCEROVENDEDOR': None, 'PARADEPOSITOLEGAL': 0.0, 'REFERENCIACLIENTE': 'Personalización. MF0996_1-MF0972_1. Manuales de CEP', 'USUARIOCONFIRMADO': 'ROSA.CABELLO@GRUPOCEP.ES', 'COMPRADESVINCULADO': 0.0, 'FECHAFACTURAPREVIA': None, 'IDACUERDOSINDICATO': None, 'MOTIVONOCONFIRMADO': None, 'RESUMENFACTURACION': 0.0, 'TOTALBASEIMPONIBLE': '492.12', 'DESCUENTOPRONTOPAGO': 0.0, 'IDPEDIDOPROCEDENCIA': 'MAN', 'NUMEROFACTURAPREVIA': None, 'PREVENTA_NOTIFICADA': 0.0, 'REFERENCIAPROVEEDOR': None, 'FECHAPREVISTAENTREGA': '03/18/2025', 'PORCENTAJEPRONTOPAGO': 0.0, 'FACTURAPREVIAGENERADA': 0.0, 'JUSTIFICANTE_FILENAME': None, 'JUSTIFICANTE_MIMETYPE': None, 'TOTALBASEGASTOSENVIOS': 0.0, 'IDTRANSACCIONSINDICATO': None, 'SINSEGUIMIENTORECEPCION': None, 'IDDIRECCIONENVIOIMPRENTA': None, 'VENCIMIENTOFACTURAPREVIA': None}",2025-11-11T10:06:34.11464,No se encontró cliente real para razón_social=CRUZ ROJA ESPAÑOLA
125,850922.0,1173401.0,40399.0,2025-03-24,8.0,3.0,252.46,10.1,262.56,,"{'ID': 850922.0, 'SERIE': 'PED', 'TOTAL': '262.56', 'ACREXT': 0.0, 'PAGADO': None, 'INTERNO': None, 'TIPODOC': 'VEN', 'IDNUMERO': 1173401.0, 'APLICADTO': 0.0, 'IDEMPRESA': 4.0, 'IDTERCERO': 40399.0, 'CREATED_BY': 'ROSA.CABELLO@GRUPOCEP.ES', 'CREATED_ON': '24-MAR-25 08.51.06.379188 AM', 'PRONTOPAGO': 0.0, 'REPOSICION': None, 'UPDATED_BY': 'CLOUDIA', 'UPDATED_ON': '25-MAR-25 11.40.51.646614 AM', 'FECHALIMITE': '03/25/2025', 'FECHAPEDIDO': '03/24/2025', 'IDSINDICATO': None, 'LIQUIDACION': 0.0, 'OBS_FACTURA': 'Nombre curso: ATENCIÓN INTEGRAL Y CENTRADA EN LA PERSONA PARA PROFESIONALES DE_x000D_\nATENCIÓN CONTINUADA EN CENTROS Y DOMICILIO_x000D_\nNº Expediente: AC-2024-10307_x000D_\nLocalidad: Plaza de la Cruz Roja, 1 30003 Murcia_x000D_\nNº Unidades: 16_x000D_\nLeyenda: ACCION SUBVENCIONADA POR EL SERVICIO REGIONAL DE EMPLEO Y FORMACION Y_x000D_\nCOFINANCIADA POR EL FONDO SOCIAL EUROPEO._x000D_\nLogos de portada: Modelo 2025', 'ALERTA_ERROR': None, 'FACTURARSOLO': 0.0, 'FECHAANULADO': None, 'IDUSUARIOWEB': None, 'RESPUESTATPV': None, 'TRACKINGHASH': '802E92A35C796EDA67B3975825A2248D', 'TRACKING_REF': None, 'FECHAFACTURAR': None, 'HAENTRADOCONF': None, 'IDFORMADEPAGO': 3.0, 'IDTERCEROTIPO': 'CL', 'OBSERVACIONES': None, 'OBS_LOGISTICA': 'meter maletín', 'OBS_PROVEEDOR': None, 'TOTALRECARGOS': 0.0, 'IDPEDIDOESTADO': 8.0, 'IDTERCEROPADRE': None, 'LIQCURSOCENTRO': 0.0, 'TOTALIMPUESTOS': '10.1', 'FECHACOMPLETADO': None, 'FECHACONFIRMADO': '03/24/2025', 'TOTALDESCUENTOS': 0.0, 'WC_ORDER_NUMBER': None, 'ACREXT_INFORMADO': 0.0, 'FECHAFACTURACION': None, 'FECHAVENCIMIENTO': None, 'IDUSUARIOTARJETA': None, 'JUSTIFICANTEPAGO': '[unsupported data type]', 'IDAGENTECOMERCIAL': None, 'IDTERCEROIMPRENTA': None, 'IDTERCEROVENDEDOR': None, 'PARADEPOSITOLEGAL': 0.0, 'REFERENCIACLIENTE': 'Personalización. SSCG06. Editorial CEP', 'USUARIOCONFIRMADO': 'ROSA.CABELLO@GRUPOCEP.ES', 'COMPRADESVINCULADO': 0.0, 'FECHAFACTURAPREVIA': None, 'IDACUERDOSINDICATO': None, 'MOTIVONOCONFIRMADO': None, 'RESUMENFACTURACION': 0.0, 'TOTALBASEIMPONIBLE': '252.46', 'DESCUENTOPRONTOPAGO': 0.0, 'IDPEDIDOPROCEDENCIA': 'MAN', 'NUMEROFACTURAPREVIA': None, 'PREVENTA_NOTIFICADA': 0.0, 'REFERENCIAPROVEEDOR': None, 'FECHAPREVISTAENTREGA': '03/27/2025', 'PORCENTAJEPRONTOPAGO': 0.0, 'FACTURAPREVIAGENERADA': 0.0, 'JUSTIFICANTE_FILENAME': None, 'JUSTIFICANTE_MIMETYPE': None, 'TOTALBASEGASTOSENVIOS': 0.0, 'IDTRANSACCIONSINDICATO': None, 'SINSEGUIMIENTORECEPCION': None, 'IDDIRECCIONENVIOIMPRENTA': None, 'VENCIMIENTOFACTURAPREVIA': None}",2025-11-11T10:06:34.11464,No se encontró cliente real para razón_social=CRUZ ROJA ESPAÑOLA
126,849508.0,1170888.0,40399.0,2025-03-12,8.0,3.0,275.41,11.02,286.43,,"{'ID': 849508.0, 'SERIE': 'PED', 'TOTAL': '286.43', 'ACREXT': 0.0, 'PAGADO': None, 'INTERNO': None, 'TIPODOC': 'VEN', 'IDNUMERO': 1170888.0, 'APLICADTO': 0.0, 'IDEMPRESA': 4.0, 'IDTERCERO': 40399.0, 'CREATED_BY': 'INMACULADA.RODRIGUEZ@ORBEFORMACION.COM', 'CREATED_ON': '12-MAR-25 12.06.40.332841 PM', 'PRONTOPAGO': 0.0, 'REPOSICION': None, 'UPDATED_BY': 'CLOUDIA', 'UPDATED_ON': '14-MAR-25 12.04.16.542341 PM', 'FECHALIMITE': '03/14/2025', 'FECHAPEDIDO': '03/12/2025', 'IDSINDICATO': None, 'LIQUIDACION': 0.0, 'OBS_FACTURA': 'Nombre curso: DETERIORO COGNITIVO_x000D_\nNº Expediente: AC-2024-10525_x000D_\nLocalidad: Plaza Cruz Roja, 1. 30003 Murcia_x000D_\nNº Unidades: 16_x000D_\nLeyenda: ACTIVIDAD SUBVENCIONADA POR EL SEF Y COFINANCIADA POR FONDO SOCIAL EUROPEO.', 'ALERTA_ERROR': None, 'FACTURARSOLO': 0.0, 'FECHAANULADO': None, 'IDUSUARIOWEB': None, 'RESPUESTATPV': None, 'TRACKINGHASH': 'DF9CC5C2664DF63C3FF07B2E5A42DE20', 'TRACKING_REF': None, 'FECHAFACTURAR': None, 'HAENTRADOCONF': None, 'IDFORMADEPAGO': 3.0, 'IDTERCEROTIPO': 'CL', 'OBSERVACIONES': None, 'OBS_LOGISTICA': None, 'OBS_PROVEEDOR': None, 'TOTALRECARGOS': 0.0, 'IDPEDIDOESTADO': 8.0, 'IDTERCEROPADRE': None, 'LIQCURSOCENTRO': 0.0, 'TOTALIMPUESTOS': '11.02', 'FECHACOMPLETADO': None, 'FECHACONFIRMADO': '03/13/2025', 'TOTALDESCUENTOS': 0.0, 'WC_ORDER_NUMBER': None, 'ACREXT_INFORMADO': 0.0, 'FECHAFACTURACION': None, 'FECHAVENCIMIENTO': None, 'IDUSUARIOTARJETA': None, 'JUSTIFICANTEPAGO': '[unsupported data type]', 'IDAGENTECOMERCIAL': None, 'IDTERCEROIMPRENTA': None, 'IDTERCEROVENDEDOR': None, 'PARADEPOSITOLEGAL': 0.0, 'REFERENCIACLIENTE': 'DETERIORO COGNITIVO. 9000003272399  Murcia', 'USUARIOCONFIRMADO': 'INMACULADA.RODRIGUEZ@ORBEFORMACION.COM', 'COMPRADESVINCULADO': 0.0, 'FECHAFACTURAPREVIA': None, 'IDACUERDOSINDICATO': None, 'MOTIVONOCONFIRMADO': None, 'RESUMENFACTURACION': 0.0, 'TOTALBASEIMPONIBLE': '275.41', 'DESCUENTOPRONTOPAGO': 0.0, 'IDPEDIDOPROCEDENCIA': 'MAN', 'NUMEROFACTURAPREVIA': None, 'PREVENTA_NOTIFICADA': 0.0, 'REFERENCIAPROVEEDOR': None, 'FECHAPREVISTAENTREGA': '03/18/2025', 'PORCENTAJEPRONTOPAGO': 0.0, 'FACTURAPREVIAGENERADA': 0.0, 'JUSTIFICANTE_FILENAME': None, 'JUSTIFICANTE_MIMETYPE': None, 'TOTALBASEGASTOSENVIOS': 0.0, 'IDTRANSACCIONSINDICATO': None, 'SINSEGUIMIENTORECEPCION': None, 'IDDIRECCIONENVIOIMPRENTA': None, 'VENCIMIENTOFACTURAPREVIA': None}",2025-11-11T10:06:34.11464,No se encontró cliente real para razón_social=CRUZ ROJA ESPAÑOLA
127,857618.0,1185356.0,40399.0,2025-05-26,8.0,3.0,194.17,7.77,201.94,,"{'ID': 857618.0, 'SERIE': 'PED', 'TOTAL': '201.94', 'ACREXT': 0.0, 'PAGADO': None, 'INTERNO': None, 'TIPODOC': 'VEN', 'IDNUMERO': 1185356.0, 'APLICADTO': 0.0, 'IDEMPRESA': 4.0, 'IDTERCERO': 40399.0, 'CREATED_BY': 'ROSA.CABELLO@GRUPOCEP.ES', 'CREATED_ON': '26-MAY-25 09.30.13.974569 AM', 'PRONTOPAGO': 0.0, 'REPOSICION': None, 'UPDATED_BY': 'CLOUDIA', 'UPDATED_ON': '28-MAY-25 09.47.06.805608 AM', 'FECHALIMITE': '05/28/2025', 'FECHAPEDIDO': '05/26/2025', 'IDSINDICATO': None, 'LIQUIDACION': 0.0, 'OBS_FACTURA': 'Curso: ""COMPETENCIA MATEMÁTICA N2 ""_x000D_\nExpediente: AC-2024-10238_x000D_\nNº unidades: 16_x000D_\n""Actividad subvencionada por el Servicio Regional de Empleo y Formación y cofinanciada por el Fondo Social_x000D_\nEuropeo', 'ALERTA_ERROR': None, 'FACTURARSOLO': 0.0, 'FECHAANULADO': None, 'IDUSUARIOWEB': None, 'RESPUESTATPV': None, 'TRACKINGHASH': '795214A2C5BC8EBBEE67E79DF21CA6D6', 'TRACKING_REF': None, 'FECHAFACTURAR': None, 'HAENTRADOCONF': None, 'IDFORMADEPAGO': 3.0, 'IDTERCEROTIPO': 'CL', 'OBSERVACIONES': None, 'OBS_LOGISTICA': 'meter maletín por favor', 'OBS_PROVEEDOR': None, 'TOTALRECARGOS': 0.0, 'IDPEDIDOESTADO': 8.0, 'IDTERCEROPADRE': None, 'LIQCURSOCENTRO': 0.0, 'TOTALIMPUESTOS': '7.77', 'FECHACOMPLETADO': None, 'FECHACONFIRMADO': '05/26/2025', 'TOTALDESCUENTOS': 0.0, 'WC_ORDER_NUMBER': None, 'ACREXT_INFORMADO': 0.0, 'FECHAFACTURACION': None, 'FECHAVENCIMIENTO': None, 'IDUSUARIOTARJETA': None, 'JUSTIFICANTEPAGO': '[unsupported data type]', 'IDAGENTECOMERCIAL': None, 'IDTERCEROIMPRENTA': None, 'IDTERCEROVENDEDOR': None, 'PARADEPOSITOLEGAL': 0.0, 'REFERENCIACLIENTE': 'Personalización. COMPETENCIA MATEMÁTICA NII. CEP', 'USUARIOCONFIRMADO': 'ROSA.CABELLO@GRUPOCEP.ES', 'COMPRADESVINCULADO': 0.0, 'FECHAFACTURAPREVIA': None, 'IDACUERDOSINDICATO': None, 'MOTIVONOCONFIRMADO': None, 'RESUMENFACTURACION': 0.0, 'TOTALBASEIMPONIBLE': '194.17', 'DESCUENTOPRONTOPAGO': 0.0, 'IDPEDIDOPROCEDENCIA': 'MAN', 'NUMEROFACTURAPREVIA': None, 'PREVENTA_NOTIFICADA': 0.0, 'REFERENCIAPROVEEDOR': None, 'FECHAPREVISTAENTREGA': '05/29/2025', 'PORCENTAJEPRONTOPAGO': 0.0, 'FACTURAPREVIAGENERADA': 0.0, 'JUSTIFICANTE_FILENAME': None, 'JUSTIFICANTE_MIMETYPE': None, 'TOTALBASEGASTOSENVIOS': 0.0, 'IDTRANSACCIONSINDICATO': None, 'SINSEGUIMIENTORECEPCION': None, 'IDDIRECCIONENVIOIMPRENTA': None, 'VENCIMIENTOFACTURAPREVIA': None}",2025-11-11T10:06:34.11464,No se encontró cliente real para razón_social=CRUZ ROJA ESPAÑOLA
128,851613.0,1174603.0,40399.0,2025-03-27,8.0,3.0,214.4,8.58,222.98,,"{'ID': 851613.0, 'SERIE': 'PED', 'TOTAL': '222.98', 'ACREXT': 0.0, 'PAGADO': None, 'INTERNO': None, 'TIPODOC': 'VEN', 'IDNUMERO': 1174603.0, 'APLICADTO': 0.0, 'IDEMPRESA': 4.0, 'IDTERCERO': 40399.0, 'CREATED_BY': 'ROSA.CABELLO@GRUPOCEP.ES', 'CREATED_ON': '27-MAR-25 04.12.58.548866 PM', 'PRONTOPAGO': 0.0, 'REPOSICION': None, 'UPDATED_BY': 'CLOUDIA', 'UPDATED_ON': '31-MAR-25 02.38.59.522354 PM', 'FECHALIMITE': '03/31/2025', 'FECHAPEDIDO': '03/27/2025', 'IDSINDICATO': None, 'LIQUIDACION': 0.0, 'OBS_FACTURA': 'Nombre curso: INTERVENCIÓN DEL EMPLEO DOMÉSTICO EN EL CUIDADO DE PERSONAS MAYORES_x000D_\nNº Expediente: AC-2024-10342_x000D_\nLocalidad: Plaza de la Cruz Roja, 1 30003 Murcia_x000D_\nNº Unidades: 15_x000D_\nLeyenda: ACCION SUBVENCIONADA POR EL SERVICIO REGIONAL DE EMPLEO Y FORMACION Y_x000D_\nCOFINANCIADA POR EL FONDO SOCIAL EUROPEO._x000D_\nLogos de portada: Modelo 2025', 'ALERTA_ERROR': None, 'FACTURARSOLO': 0.0, 'FECHAANULADO': None, 'IDUSUARIOWEB': None, 'RESPUESTATPV': None, 'TRACKINGHASH': 'B250E5CA9452A35A5CC4F697A63D10AF', 'TRACKING_REF': None, 'FECHAFACTURAR': None, 'HAENTRADOCONF': None, 'IDFORMADEPAGO': 3.0, 'IDTERCEROTIPO': 'CL', 'OBSERVACIONES': None, 'OBS_LOGISTICA': None, 'OBS_PROVEEDOR': None, 'TOTALRECARGOS': 0.0, 'IDPEDIDOESTADO': 8.0, 'IDTERCEROPADRE': None, 'LIQCURSOCENTRO': 0.0, 'TOTALIMPUESTOS': '8.58', 'FECHACOMPLETADO': None, 'FECHACONFIRMADO': '03/27/2025', 'TOTALDESCUENTOS': 0.0, 'WC_ORDER_NUMBER': None, 'ACREXT_INFORMADO': 0.0, 'FECHAFACTURACION': None, 'FECHAVENCIMIENTO': None, 'IDUSUARIOTARJETA': None, 'JUSTIFICANTEPAGO': '[unsupported data type]', 'IDAGENTECOMERCIAL': None, 'IDTERCEROIMPRENTA': None, 'IDTERCEROVENDEDOR': None, 'PARADEPOSITOLEGAL': 0.0, 'REFERENCIACLIENTE': 'Personalización. SSCG02. CEP', 'USUARIOCONFIRMADO': 'ROSA.CABELLO@GRUPOCEP.ES', 'COMPRADESVINCULADO': 0.0, 'FECHAFACTURAPREVIA': None, 'IDACUERDOSINDICATO': None, 'MOTIVONOCONFIRMADO': None, 'RESUMENFACTURACION': 0.0, 'TOTALBASEIMPONIBLE': '214.4', 'DESCUENTOPRONTOPAGO': 0.0, 'IDPEDIDOPROCEDENCIA': 'MAN', 'NUMEROFACTURAPREVIA': None, 'PREVENTA_NOTIFICADA': 0.0, 'REFERENCIAPROVEEDOR': None, 'FECHAPREVISTAENTREGA': '04/01/2025', 'PORCENTAJEPRONTOPAGO': 0.0, 'FACTURAPREVIAGENERADA': 0.0, 'JUSTIFICANTE_FILENAME': None, 'JUSTIFICANTE_MIMETYPE': None, 'TOTALBASEGASTOSENVIOS': 0.0, 'IDTRANSACCIONSINDICATO': None, 'SINSEGUIMIENTORECEPCION': None, 'IDDIRECCIONENVIOIMPRENTA': None, 'VENCIMIENTOFACTURAPREVIA': None}",2025-11-11T10:06:34.11464,No se encontró cliente real para razón_social=CRUZ ROJA ESPAÑOLA
129,851962.0,1175209.0,40399.0,2025-03-31,8.0,3.0,89.18,3.57,92.75,,"{'ID': 851962.0, 'SERIE': 'PED', 'TOTAL': '92.75', 'ACREXT': 0.0, 'PAGADO': None, 'INTERNO': None, 'TIPODOC': 'VEN', 'IDNUMERO': 1175209.0, 'APLICADTO': 0.0, 'IDEMPRESA': 4.0, 'IDTERCERO': 40399.0, 'CREATED_BY': 'ROSA.CABELLO@GRUPOCEP.ES', 'CREATED_ON': '31-MAR-25 03.01.18.351400 PM', 'PRONTOPAGO': 0.0, 'REPOSICION': None, 'UPDATED_BY': 'CLOUDIA', 'UPDATED_ON': '02-APR-25 03.22.57.019949 PM', 'FECHALIMITE': '04/02/2025', 'FECHAPEDIDO': '03/31/2025', 'IDSINDICATO': None, 'LIQUIDACION': 0.0, 'OBS_FACTURA': 'FIRMA ELECTRÓNICA Y SEGURIDAD EN INTERNET. AC-2024-6592_x000D_\nLeyenda: Actividad subvencionada por el SEF, financiada por los Fondos Next Generation EU y cofinanciada por_x000D_\nel SEPE, dentro del marco de Recuperación, Transformación y Resiliencia', 'ALERTA_ERROR': None, 'FACTURARSOLO': 0.0, 'FECHAANULADO': None, 'IDUSUARIOWEB': None, 'RESPUESTATPV': None, 'TRACKINGHASH': '7975A1EE4869AFF0FE2502F2F06C3B7D', 'TRACKING_REF': None, 'FECHAFACTURAR': None, 'HAENTRADOCONF': None, 'IDFORMADEPAGO': 3.0, 'IDTERCEROTIPO': 'CL', 'OBSERVACIONES': None, 'OBS_LOGISTICA': None, 'OBS_PROVEEDOR': None, 'TOTALRECARGOS': 0.0, 'IDPEDIDOESTADO': 8.0, 'IDTERCEROPADRE': None, 'LIQCURSOCENTRO': 0.0, 'TOTALIMPUESTOS': '3.57', 'FECHACOMPLETADO': None, 'FECHACONFIRMADO': '04/01/2025', 'TOTALDESCUENTOS': 0.0, 'WC_ORDER_NUMBER': None, 'ACREXT_INFORMADO': 0.0, 'FECHAFACTURACION': None, 'FECHAVENCIMIENTO': None, 'IDUSUARIOTARJETA': None, 'JUSTIFICANTEPAGO': '[unsupported data type]', 'IDAGENTECOMERCIAL': None, 'IDTERCEROIMPRENTA': None, 'IDTERCEROVENDEDOR': None, 'PARADEPOSITOLEGAL': 0.0, 'REFERENCIACLIENTE': 'Personalizacion: FCOO004PO. CEP', 'USUARIOCONFIRMADO': 'ROSA.CABELLO@GRUPOCEP.ES', 'COMPRADESVINCULADO': 0.0, 'FECHAFACTURAPREVIA': None, 'IDACUERDOSINDICATO': None, 'MOTIVONOCONFIRMADO': None, 'RESUMENFACTURACION': 0.0, 'TOTALBASEIMPONIBLE': '89.18', 'DESCUENTOPRONTOPAGO': 0.0, 'IDPEDIDOPROCEDENCIA': 'MAN', 'NUMEROFACTURAPREVIA': None, 'PREVENTA_NOTIFICADA': 0.0, 'REFERENCIAPROVEEDOR': None, 'FECHAPREVISTAENTREGA': '04/04/2025', 'PORCENTAJEPRONTOPAGO': 0.0, 'FACTURAPREVIAGENERADA': 0.0, 'JUSTIFICANTE_FILENAME': None, 'JUSTIFICANTE_MIMETYPE': None, 'TOTALBASEGASTOSENVIOS': 0.0, 'IDTRANSACCIONSINDICATO': None, 'SINSEGUIMIENTORECEPCION': None, 'IDDIRECCIONENVIOIMPRENTA': None, 'VENCIMIENTOFACTURAPREVIA': None}",2025-11-11T10:06:34.11464,No se encontró cliente real para razón_social=CRUZ ROJA ESPAÑOLA
130,854942.0,1180512.0,40399.0,2025-04-29,8.0,3.0,29.32,2.18,31.5,,"{'ID': 854942.0, 'SERIE': 'PED', 'TOTAL': '31.5', 'ACREXT': 0.0, 'PAGADO': None, 'INTERNO': None, 'TIPODOC': 'VEN', 'IDNUMERO': 1180512.0, 'APLICADTO': 0.0, 'IDEMPRESA': 4.0, 'IDTERCERO': 40399.0, 'CREATED_BY': 'INMACULADA.RODRIGUEZ@ORBEFORMACION.COM', 'CREATED_ON': '29-APR-25 11.52.21.905756 AM', 'PRONTOPAGO': 0.0, 'REPOSICION': None, 'UPDATED_BY': 'CLOUDIA', 'UPDATED_ON': '05-MAY-25 01.51.43.521387 PM', 'FECHALIMITE': '04/30/2025', 'FECHAPEDIDO': '04/29/2025', 'IDSINDICATO': None, 'LIQUIDACION': 0.0, 'OBS_FACTURA': 'Nombre curso: COMUNICACIÓN EN LENGUA CASTELLANA-N2_x000D_\nNº Expediente: AC-2024-10253_x000D_\nLocalidad: Plaza de la Cruz Roja, 1  30003 Murcia_x000D_\nNº Unidades: 2_x000D_\nLeyenda: ACCIÓN SUBVENCIONADA POR EL SERVICIO REGIONAL DE EMPLEO Y FORMACIÓN Y COFINANCIADA POR EL FONDO SOCIAL EUROPEO._x000D_\nLogos de portada: Modelo 2025', 'ALERTA_ERROR': None, 'FACTURARSOLO': 0.0, 'FECHAANULADO': None, 'IDUSUARIOWEB': None, 'RESPUESTATPV': None, 'TRACKINGHASH': '5BF02B38472A3DB4403BFBAD22612314', 'TRACKING_REF': None, 'FECHAFACTURAR': None, 'HAENTRADOCONF': None, 'IDFORMADEPAGO': 3.0, 'IDTERCEROTIPO': 'CL', 'OBSERVACIONES': None, 'OBS_LOGISTICA': None, 'OBS_PROVEEDOR': None, 'TOTALRECARGOS': 0.0, 'IDPEDIDOESTADO': 8.0, 'IDTERCEROPADRE': None, 'LIQCURSOCENTRO': 0.0, 'TOTALIMPUESTOS': '2.18', 'FECHACOMPLETADO': None, 'FECHACONFIRMADO': '04/29/2025', 'TOTALDESCUENTOS': 0.0, 'WC_ORDER_NUMBER': None, 'ACREXT_INFORMADO': 0.0, 'FECHAFACTURACION': None, 'FECHAVENCIMIENTO': None, 'IDUSUARIOTARJETA': None, 'JUSTIFICANTEPAGO': '[unsupported data type]', 'IDAGENTECOMERCIAL': None, 'IDTERCEROIMPRENTA': None, 'IDTERCEROVENDEDOR': None, 'PARADEPOSITOLEGAL': 0.0, 'REFERENCIACLIENTE': None, 'USUARIOCONFIRMADO': 'INMACULADA.RODRIGUEZ@ORBEFORMACION.COM', 'COMPRADESVINCULADO': 0.0, 'FECHAFACTURAPREVIA': None, 'IDACUERDOSINDICATO': None, 'MOTIVONOCONFIRMADO': None, 'RESUMENFACTURACION': 0.0, 'TOTALBASEIMPONIBLE': '29.32', 'DESCUENTOPRONTOPAGO': 0.0, 'IDPEDIDOPROCEDENCIA': 'MAN', 'NUMEROFACTURAPREVIA': None, 'PREVENTA_NOTIFICADA': 0.0, 'REFERENCIAPROVEEDOR': None, 'FECHAPREVISTAENTREGA': '05/02/2025', 'PORCENTAJEPRONTOPAGO': 0.0, 'FACTURAPREVIAGENERADA': 0.0, 'JUSTIFICANTE_FILENAME': None, 'JUSTIFICANTE_MIMETYPE': None, 'TOTALBASEGASTOSENVIOS': '5.95', 'IDTRANSACCIONSINDICATO': None, 'SINSEGUIMIENTORECEPCION': None, 'IDDIRECCIONENVIOIMPRENTA': None, 'VENCIMIENTOFACTURAPREVIA': None}",2025-11-11T10:06:34.11464,No se encontró cliente real para razón_social=CRUZ ROJA ESPAÑOLA
131,857756.0,1185770.0,40399.0,2025-05-27,8.0,3.0,288.35,11.53,299.88,,"{'ID': 857756.0, 'SERIE': 'PED', 'TOTAL': '299.88', 'ACREXT': 0.0, 'PAGADO': None, 'INTERNO': None, 'TIPODOC': 'VEN', 'IDNUMERO': 1185770.0, 'APLICADTO': 0.0, 'IDEMPRESA': 4.0, 'IDTERCERO': 40399.0, 'CREATED_BY': 'INMACULADA.RODRIGUEZ@ORBEFORMACION.COM', 'CREATED_ON': '27-MAY-25 07.44.45.429920 AM', 'PRONTOPAGO': 0.0, 'REPOSICION': None, 'UPDATED_BY': 'CLOUDIA', 'UPDATED_ON': '05-JUN-25 10.55.01.548194 AM', 'FECHALIMITE': '06/05/2025', 'FECHAPEDIDO': '05/27/2025', 'IDSINDICATO': None, 'LIQUIDACION': 0.0, 'OBS_FACTURA': 'Nombre curso: SANT0079 ACTUACIÓN DEL CELADOR EN LOS SERVICIOS DE URGENCIAS _x000D_\nNº Expediente: AC-2024-10640_x000D_\nLocalidad: Alcantarilla_x000D_\nNº Unidades: 16 + 1 docente_x000D_\nLeyenda: ACCION SUBVENCIONADA POR EL SERVICIO REGIONAL DE EMPLEO Y FORMACION Y COFINANCIADA POR EL FONDO SOCIAL EUROPEO.', 'ALERTA_ERROR': None, 'FACTURARSOLO': 0.0, 'FECHAANULADO': None, 'IDUSUARIOWEB': None, 'RESPUESTATPV': None, 'TRACKINGHASH': '04F290B6303AEF5EAC22834E5CEC8256', 'TRACKING_REF': None, 'FECHAFACTURAR': None, 'HAENTRADOCONF': None, 'IDFORMADEPAGO': 3.0, 'IDTERCEROTIPO': 'CL', 'OBSERVACIONES': None, 'OBS_LOGISTICA': None, 'OBS_PROVEEDOR': None, 'TOTALRECARGOS': 0.0, 'IDPEDIDOESTADO': 8.0, 'IDTERCEROPADRE': None, 'LIQCURSOCENTRO': 0.0, 'TOTALIMPUESTOS': '11.53', 'FECHACOMPLETADO': None, 'FECHACONFIRMADO': '06/03/2025', 'TOTALDESCUENTOS': 0.0, 'WC_ORDER_NUMBER': None, 'ACREXT_INFORMADO': 0.0, 'FECHAFACTURACION': None, 'FECHAVENCIMIENTO': None, 'IDUSUARIOTARJETA': None, 'JUSTIFICANTEPAGO': '[unsupported data type]', 'IDAGENTECOMERCIAL': None, 'IDTERCEROIMPRENTA': None, 'IDTERCEROVENDEDOR': None, 'PARADEPOSITOLEGAL': 0.0, 'REFERENCIACLIENTE': 'Personalización.  SANT0079', 'USUARIOCONFIRMADO': 'RAQUEL.CAMPANERIA@ORBEFORMACION.COM', 'COMPRADESVINCULADO': 0.0, 'FECHAFACTURAPREVIA': None, 'IDACUERDOSINDICATO': None, 'MOTIVONOCONFIRMADO': None, 'RESUMENFACTURACION': 0.0, 'TOTALBASEIMPONIBLE': '288.35', 'DESCUENTOPRONTOPAGO': 0.0, 'IDPEDIDOPROCEDENCIA': 'MAN', 'NUMEROFACTURAPREVIA': None, 'PREVENTA_NOTIFICADA': 0.0, 'REFERENCIAPROVEEDOR': None, 'FECHAPREVISTAENTREGA': '06/06/2025', 'PORCENTAJEPRONTOPAGO': 0.0, 'FACTURAPREVIAGENERADA': 0.0, 'JUSTIFICANTE_FILENAME': None, 'JUSTIFICANTE_MIMETYPE': None, 'TOTALBASEGASTOSENVIOS': 0.0, 'IDTRANSACCIONSINDICATO': None, 'SINSEGUIMIENTORECEPCION': None, 'IDDIRECCIONENVIOIMPRENTA': None, 'VENCIMIENTOFACTURAPREVIA': None}",2025-11-11T10:06:34.11464,No se encontró cliente real para razón_social=CRUZ ROJA ESPAÑOLA
132,850415.0,1172452.0,40399.0,2025-03-19,8.0,3.0,307.71,12.31,320.02,,"{'ID': 850415.0, 'SERIE': 'PED', 'TOTAL': '320.02', 'ACREXT': 0.0, 'PAGADO': None, 'INTERNO': None, 'TIPODOC': 'VEN', 'IDNUMERO': 1172452.0, 'APLICADTO': 0.0, 'IDEMPRESA': 4.0, 'IDTERCERO': 40399.0, 'CREATED_BY': 'ROSA.CABELLO@GRUPOCEP.ES', 'CREATED_ON': '19-MAR-25 08.11.26.660043 AM', 'PRONTOPAGO': 0.0, 'REPOSICION': None, 'UPDATED_BY': 'CLOUDIA', 'UPDATED_ON': '28-MAR-25 09.19.37.020434 AM', 'FECHALIMITE': '03/27/2025', 'FECHAPEDIDO': '03/19/2025', 'IDSINDICATO': None, 'LIQUIDACION': 0.0, 'OBS_FACTURA': 'Nombre curso: SANT0079 ACTUACIÓN DEL CELADOR EN LOS SERVICIOS DE URGENCIAS_x000D_\nNº Expediente: AC-2024-10378_x000D_\nLocalidad: PLAZA DE LA CRUZ ROJA, MURCIA_x000D_\nNº Unidades: 16_x000D_\nLeyenda: ACCION SUBVENCIONADA POR EL SERVICIO REGIONAL DE EMPLEO Y FORMACION Y_x000D_\nCOFINANCIADA POR EL FONDO SOCIAL EUROPEO.', 'ALERTA_ERROR': None, 'FACTURARSOLO': 0.0, 'FECHAANULADO': None, 'IDUSUARIOWEB': None, 'RESPUESTATPV': None, 'TRACKINGHASH': '0AE95E4D6193E2290E236D2ED13B1FE8', 'TRACKING_REF': None, 'FECHAFACTURAR': None, 'HAENTRADOCONF': None, 'IDFORMADEPAGO': 3.0, 'IDTERCEROTIPO': 'CL', 'OBSERVACIONES': None, 'OBS_LOGISTICA': None, 'OBS_PROVEEDOR': None, 'TOTALRECARGOS': 0.0, 'IDPEDIDOESTADO': 8.0, 'IDTERCEROPADRE': None, 'LIQCURSOCENTRO': 0.0, 'TOTALIMPUESTOS': '12.31', 'FECHACOMPLETADO': None, 'FECHACONFIRMADO': '03/19/2025', 'TOTALDESCUENTOS': 0.0, 'WC_ORDER_NUMBER': None, 'ACREXT_INFORMADO': 0.0, 'FECHAFACTURACION': None, 'FECHAVENCIMIENTO': None, 'IDUSUARIOTARJETA': None, 'JUSTIFICANTEPAGO': '[unsupported data type]', 'IDAGENTECOMERCIAL': None, 'IDTERCEROIMPRENTA': None, 'IDTERCEROVENDEDOR': None, 'PARADEPOSITOLEGAL': 0.0, 'REFERENCIACLIENTE': 'Personalización. CELADOR. Manual de E-learning', 'USUARIOCONFIRMADO': 'ROSA.CABELLO@GRUPOCEP.ES', 'COMPRADESVINCULADO': 0.0, 'FECHAFACTURAPREVIA': None, 'IDACUERDOSINDICATO': None, 'MOTIVONOCONFIRMADO': None, 'RESUMENFACTURACION': 0.0, 'TOTALBASEIMPONIBLE': '307.71', 'DESCUENTOPRONTOPAGO': 0.0, 'IDPEDIDOPROCEDENCIA': 'MAN', 'NUMEROFACTURAPREVIA': None, 'PREVENTA_NOTIFICADA': 0.0, 'REFERENCIAPROVEEDOR': None, 'FECHAPREVISTAENTREGA': '03/24/2025', 'PORCENTAJEPRONTOPAGO': 0.0, 'FACTURAPREVIAGENERADA': 0.0, 'JUSTIFICANTE_FILENAME': None, 'JUSTIFICANTE_MIMETYPE': None, 'TOTALBASEGASTOSENVIOS': 0.0, 'IDTRANSACCIONSINDICATO': None, 'SINSEGUIMIENTORECEPCION': None, 'IDDIRECCIONENVIOIMPRENTA': None, 'VENCIMIENTOFACTURAPREVIA': None}",2025-11-11T10:06:34.11464,No se encontró cliente real para razón_social=CRUZ ROJA ESPAÑOLA
133,865333.0,1199435.0,40399.0,2025-09-05,3.0,3.0,555.77,22.23,578.0,,"{'ID': 865333.0, 'SERIE': 'PED', 'TOTAL': 578.0, 'ACREXT': 0.0, 'PAGADO': None, 'INTERNO': None, 'TIPODOC': 'VEN', 'IDNUMERO': 1199435.0, 'APLICADTO': 0.0, 'IDEMPRESA': 4.0, 'IDTERCERO': 40399.0, 'CREATED_BY': 'RAQUEL.CAMPANERIA@ORBEFORMACION.COM', 'CREATED_ON': '05-SEP-25 08.16.00.815875 AM', 'PRONTOPAGO': 0.0, 'REPOSICION': None, 'UPDATED_BY': 'MARIA.CUADRADO@PUBLICEP.COM', 'UPDATED_ON': '08-SEP-25 01.15.36.389078 PM', 'FECHALIMITE': '09/09/2025', 'FECHAPEDIDO': '09/05/2025', 'IDSINDICATO': None, 'LIQUIDACION': 0.0, 'OBS_FACTURA': 'ACCION SUBVENCIONADA POR EL SERVICIO REGIONAL DE EMPLEO Y FORMACION Y COFINANCIADA_x000D_\n POR EL FONDO SOCIAL EUROPEO. pedido número 6 ED 30030 2025-09-03', 'ALERTA_ERROR': None, 'FACTURARSOLO': 0.0, 'FECHAANULADO': None, 'IDUSUARIOWEB': None, 'RESPUESTATPV': None, 'TRACKINGHASH': '15C40AC5207A5CC3EF2A03721489A463', 'TRACKING_REF': None, 'FECHAFACTURAR': None, 'HAENTRADOCONF': None, 'IDFORMADEPAGO': 3.0, 'IDTERCEROTIPO': 'CL', 'OBSERVACIONES': None, 'OBS_LOGISTICA': 'Va con pegatinas para el pedido 233975. SE deben de imprimir 9 pliegos. Gracias!', 'OBS_PROVEEDOR': None, 'TOTALRECARGOS': 0.0, 'IDPEDIDOESTADO': 3.0, 'IDTERCEROPADRE': None, 'LIQCURSOCENTRO': 0.0, 'TOTALIMPUESTOS': '22.23', 'FECHACOMPLETADO': None, 'FECHACONFIRMADO': '09/05/2025', 'TOTALDESCUENTOS': 0.0, 'WC_ORDER_NUMBER': None, 'ACREXT_INFORMADO': 0.0, 'FECHAFACTURACION': None, 'FECHAVENCIMIENTO': None, 'IDUSUARIOTARJETA': None, 'JUSTIFICANTEPAGO': '[unsupported data type]', 'IDAGENTECOMERCIAL': None, 'IDTERCEROIMPRENTA': None, 'IDTERCEROVENDEDOR': None, 'PARADEPOSITOLEGAL': 0.0, 'REFERENCIACLIENTE': 'SSCM0108 - Paraninfo con pegatinas MURCIA', 'USUARIOCONFIRMADO': 'RAQUEL.CAMPANERIA@ORBEFORMACION.COM', 'COMPRADESVINCULADO': 0.0, 'FECHAFACTURAPREVIA': None, 'IDACUERDOSINDICATO': None, 'MOTIVONOCONFIRMADO': None, 'RESUMENFACTURACION': 0.0, 'TOTALBASEIMPONIBLE': '555.77', 'DESCUENTOPRONTOPAGO': 0.0, 'IDPEDIDOPROCEDENCIA': 'MAN', 'NUMEROFACTURAPREVIA': None, 'PREVENTA_NOTIFICADA': 0.0, 'REFERENCIAPROVEEDOR': None, 'FECHAPREVISTAENTREGA': '09/16/2025', 'PORCENTAJEPRONTOPAGO': 0.0, 'FACTURAPREVIAGENERADA': 0.0, 'JUSTIFICANTE_FILENAME': None, 'JUSTIFICANTE_MIMETYPE': None, 'TOTALBASEGASTOSENVIOS': 0.0, 'IDTRANSACCIONSINDICATO': None, 'SINSEGUIMIENTORECEPCION': None, 'IDDIRECCIONENVIOIMPRENTA': None, 'VENCIMIENTOFACTURAPREVIA': None}",2025-11-11T10:06:34.11464,No se encontró cliente real para razón_social=CRUZ ROJA ESPAÑOLA
134,858866.0,1188126.0,40399.0,2025-06-05,8.0,3.0,46.46,2.87,49.33,,"{'ID': 858866.0, 'SERIE': 'PED', 'TOTAL': '49.33', 'ACREXT': 0.0, 'PAGADO': None, 'INTERNO': None, 'TIPODOC': 'VEN', 'IDNUMERO': 1188126.0, 'APLICADTO': 0.0, 'IDEMPRESA': 4.0, 'IDTERCERO': 40399.0, 'CREATED_BY': 'INMACULADA.RODRIGUEZ@ORBEFORMACION.COM', 'CREATED_ON': '05-JUN-25 07.39.29.317731 AM', 'PRONTOPAGO': 0.0, 'REPOSICION': None, 'UPDATED_BY': 'CLOUDIA', 'UPDATED_ON': '06-JUN-25 09.29.39.683432 AM', 'FECHALIMITE': '06/06/2025', 'FECHAPEDIDO': '06/05/2025', 'IDSINDICATO': None, 'LIQUIDACION': 0.0, 'OBS_FACTURA': 'Nombre curso: CUIDADOS AUXILIARES BÁSICOS EN ENFERMERÍA_x000D_\nNº Expediente: AC-2024-10333_x000D_\nLocalidad: Totana_x000D_\nNº Unidades: 2_x000D_\nLeyenda: ACCION SUBVENCIONADA POR EL SERVICIO REGIONAL DE EMPLEO Y FORMACION Y COFINANCIADA POR EL FONDO SOCIAL EUROPEO._x000D_\nLogos de portada: Modelo 2025 (Igual que los anteriores de este curso)', 'ALERTA_ERROR': None, 'FACTURARSOLO': 0.0, 'FECHAANULADO': None, 'IDUSUARIOWEB': None, 'RESPUESTATPV': None, 'TRACKINGHASH': 'E906FE6E65E82F0A7C586F4A240DBCFC', 'TRACKING_REF': None, 'FECHAFACTURAR': None, 'HAENTRADOCONF': None, 'IDFORMADEPAGO': 3.0, 'IDTERCEROTIPO': 'CL', 'OBSERVACIONES': None, 'OBS_LOGISTICA': None, 'OBS_PROVEEDOR': None, 'TOTALRECARGOS': 0.0, 'IDPEDIDOESTADO': 8.0, 'IDTERCEROPADRE': None, 'LIQCURSOCENTRO': 0.0, 'TOTALIMPUESTOS': '2.87', 'FECHACOMPLETADO': None, 'FECHACONFIRMADO': '06/05/2025', 'TOTALDESCUENTOS': 0.0, 'WC_ORDER_NUMBER': None, 'ACREXT_INFORMADO': 0.0, 'FECHAFACTURACION': None, 'FECHAVENCIMIENTO': None, 'IDUSUARIOTARJETA': None, 'JUSTIFICANTEPAGO': '[unsupported data type]', 'IDAGENTECOMERCIAL': None, 'IDTERCEROIMPRENTA': None, 'IDTERCEROVENDEDOR': None, 'PARADEPOSITOLEGAL': 0.0, 'REFERENCIACLIENTE': '9000003298191 - SANT023PO Cuidados auxiliares básicos en enfermería', 'USUARIOCONFIRMADO': 'INMACULADA.RODRIGUEZ@ORBEFORMACION.COM', 'COMPRADESVINCULADO': 0.0, 'FECHAFACTURAPREVIA': None, 'IDACUERDOSINDICATO': None, 'MOTIVONOCONFIRMADO': None, 'RESUMENFACTURACION': 0.0, 'TOTALBASEIMPONIBLE': '46.46', 'DESCUENTOPRONTOPAGO': 0.0, 'IDPEDIDOPROCEDENCIA': 'MAN', 'NUMEROFACTURAPREVIA': None, 'PREVENTA_NOTIFICADA': 0.0, 'REFERENCIAPROVEEDOR': None, 'FECHAPREVISTAENTREGA': '06/10/2025', 'PORCENTAJEPRONTOPAGO': 0.0, 'FACTURAPREVIAGENERADA': 0.0, 'JUSTIFICANTE_FILENAME': None, 'JUSTIFICANTE_MIMETYPE': None, 'TOTALBASEGASTOSENVIOS': '5.95', 'IDTRANSACCIONSINDICATO': None, 'SINSEGUIMIENTORECEPCION': None, 'IDDIRECCIONENVIOIMPRENTA': None, 'VENCIMIENTOFACTURAPREVIA': None}",2025-11-11T10:06:34.11464,No se encontró cliente real para razón_social=CRUZ ROJA ESPAÑOLA
135,859275.0,1188889.0,40399.0,2025-06-10,8.0,3.0,144.23,5.77,150.0,,"{'ID': 859275.0, 'SERIE': 'PED', 'TOTAL': 150.0, 'ACREXT': 0.0, 'PAGADO': None, 'INTERNO': None, 'TIPODOC': 'VEN', 'IDNUMERO': 1188889.0, 'APLICADTO': 0.0, 'IDEMPRESA': 4.0, 'IDTERCERO': 40399.0, 'CREATED_BY': 'INMACULADA.RODRIGUEZ@ORBEFORMACION.COM', 'CREATED_ON': '10-JUN-25 07.06.30.919750 AM', 'PRONTOPAGO': 0.0, 'REPOSICION': None, 'UPDATED_BY': 'CLOUDIA', 'UPDATED_ON': '13-JUN-25 10.13.39.792829 AM', 'FECHALIMITE': '06/13/2025', 'FECHAPEDIDO': '06/10/2025', 'IDSINDICATO': None, 'LIQUIDACION': 0.0, 'OBS_FACTURA': 'Curso: ADGG039PO INTERNET Y FUNDAMENTOS DE DISEÑO DE PÁGINAS WEB_x000D_\nExpediente: AC-2024-6606_x000D_\n""Actividad subvencionada por el SEF, financiada por los Fondos Next Generation EU y cofinanciada por el SEPE, dentro del marco de Recuperación, Transformación y Resiliencia', 'ALERTA_ERROR': None, 'FACTURARSOLO': 0.0, 'FECHAANULADO': None, 'IDUSUARIOWEB': None, 'RESPUESTATPV': None, 'TRACKINGHASH': '4B79D8A16C1BCFD3BE19CB68F75D39D6', 'TRACKING_REF': None, 'FECHAFACTURAR': None, 'HAENTRADOCONF': None, 'IDFORMADEPAGO': 3.0, 'IDTERCEROTIPO': 'CL', 'OBSERVACIONES': None, 'OBS_LOGISTICA': 'meter maletín', 'OBS_PROVEEDOR': None, 'TOTALRECARGOS': 0.0, 'IDPEDIDOESTADO': 8.0, 'IDTERCEROPADRE': None, 'LIQCURSOCENTRO': 0.0, 'TOTALIMPUESTOS': '5.77', 'FECHACOMPLETADO': None, 'FECHACONFIRMADO': '06/12/2025', 'TOTALDESCUENTOS': 0.0, 'WC_ORDER_NUMBER': None, 'ACREXT_INFORMADO': 0.0, 'FECHAFACTURACION': None, 'FECHAVENCIMIENTO': None, 'IDUSUARIOTARJETA': None, 'JUSTIFICANTEPAGO': '[unsupported data type]', 'IDAGENTECOMERCIAL': None, 'IDTERCEROIMPRENTA': None, 'IDTERCEROVENDEDOR': None, 'PARADEPOSITOLEGAL': 0.0, 'REFERENCIACLIENTE': 'ADGG039PO', 'USUARIOCONFIRMADO': 'ROSA.CABELLO@GRUPOCEP.ES', 'COMPRADESVINCULADO': 0.0, 'FECHAFACTURAPREVIA': None, 'IDACUERDOSINDICATO': None, 'MOTIVONOCONFIRMADO': None, 'RESUMENFACTURACION': 0.0, 'TOTALBASEIMPONIBLE': '144.23', 'DESCUENTOPRONTOPAGO': 0.0, 'IDPEDIDOPROCEDENCIA': 'MAN', 'NUMEROFACTURAPREVIA': None, 'PREVENTA_NOTIFICADA': 0.0, 'REFERENCIAPROVEEDOR': None, 'FECHAPREVISTAENTREGA': '06/17/2025', 'PORCENTAJEPRONTOPAGO': 0.0, 'FACTURAPREVIAGENERADA': 0.0, 'JUSTIFICANTE_FILENAME': None, 'JUSTIFICANTE_MIMETYPE': None, 'TOTALBASEGASTOSENVIOS': 0.0, 'IDTRANSACCIONSINDICATO': None, 'SINSEGUIMIENTORECEPCION': None, 'IDDIRECCIONENVIOIMPRENTA': None, 'VENCIMIENTOFACTURAPREVIA': None}",2025-11-11T10:06:34.11464,No se encontró cliente real para razón_social=CRUZ ROJA ESPAÑOLA
136,865341.0,1199454.0,40399.0,2025-09-05,8.0,3.0,1356.91,54.28,1411.19,,"{'ID': 865341.0, 'SERIE': 'PED', 'TOTAL': '1411.19', 'ACREXT': 0.0, 'PAGADO': None, 'INTERNO': None, 'TIPODOC': 'VEN', 'IDNUMERO': 1199454.0, 'APLICADTO': 0.0, 'IDEMPRESA': 4.0, 'IDTERCERO': 40399.0, 'CREATED_BY': 'RAQUEL.CAMPANERIA@ORBEFORMACION.COM', 'CREATED_ON': '05-SEP-25 08.26.42.839454 AM', 'PRONTOPAGO': 0.0, 'REPOSICION': None, 'UPDATED_BY': 'CLOUDIA', 'UPDATED_ON': '09-SEP-25 09.34.11.883191 AM', 'FECHALIMITE': '09/09/2025', 'FECHAPEDIDO': '09/05/2025', 'IDSINDICATO': None, 'LIQUIDACION': 0.0, 'OBS_FACTURA': 'ACCION SUBVENCIONADA POR EL SERVICIO REGIONAL DE EMPLEO Y FORMACION Y COFINANCIADA_x000D_\n POR EL FONDO SOCIAL EUROPEO. Pedido número 5 ED 30030 2025-09-03', 'ALERTA_ERROR': None, 'FACTURARSOLO': 0.0, 'FECHAANULADO': None, 'IDUSUARIOWEB': None, 'RESPUESTATPV': None, 'TRACKINGHASH': '5B92F565132D60AE6B2BE549329C28E7', 'TRACKING_REF': None, 'FECHAFACTURAR': None, 'HAENTRADOCONF': None, 'IDFORMADEPAGO': 3.0, 'IDTERCEROTIPO': 'CL', 'OBSERVACIONES': None, 'OBS_LOGISTICA': None, 'OBS_PROVEEDOR': None, 'TOTALRECARGOS': 0.0, 'IDPEDIDOESTADO': 8.0, 'IDTERCEROPADRE': None, 'LIQCURSOCENTRO': 0.0, 'TOTALIMPUESTOS': '54.28', 'FECHACOMPLETADO': None, 'FECHACONFIRMADO': '09/05/2025', 'TOTALDESCUENTOS': 0.0, 'WC_ORDER_NUMBER': None, 'ACREXT_INFORMADO': 0.0, 'FECHAFACTURACION': None, 'FECHAVENCIMIENTO': None, 'IDUSUARIOTARJETA': None, 'JUSTIFICANTEPAGO': '[unsupported data type]', 'IDAGENTECOMERCIAL': None, 'IDTERCEROIMPRENTA': None, 'IDTERCEROVENDEDOR': None, 'PARADEPOSITOLEGAL': 0.0, 'REFERENCIACLIENTE': 'SSCS0208 Personalizado ORBE', 'USUARIOCONFIRMADO': 'RAQUEL.CAMPANERIA@ORBEFORMACION.COM', 'COMPRADESVINCULADO': 0.0, 'FECHAFACTURAPREVIA': None, 'IDACUERDOSINDICATO': None, 'MOTIVONOCONFIRMADO': None, 'RESUMENFACTURACION': 0.0, 'TOTALBASEIMPONIBLE': '1356.91', 'DESCUENTOPRONTOPAGO': 0.0, 'IDPEDIDOPROCEDENCIA': 'MAN', 'NUMEROFACTURAPREVIA': None, 'PREVENTA_NOTIFICADA': 0.0, 'REFERENCIAPROVEEDOR': None, 'FECHAPREVISTAENTREGA': '09/10/2025', 'PORCENTAJEPRONTOPAGO': 0.0, 'FACTURAPREVIAGENERADA': 0.0, 'JUSTIFICANTE_FILENAME': None, 'JUSTIFICANTE_MIMETYPE': None, 'TOTALBASEGASTOSENVIOS': 0.0, 'IDTRANSACCIONSINDICATO': None, 'SINSEGUIMIENTORECEPCION': None, 'IDDIRECCIONENVIOIMPRENTA': None, 'VENCIMIENTOFACTURAPREVIA': None}",2025-11-11T10:06:34.11464,No se encontró cliente real para razón_social=CRUZ ROJA ESPAÑOLA
